-- MySQL dump 10.13  Distrib 8.0.28, for Win64 (x86_64)
--
-- Host: us-cdbr-east-05.cleardb.net    Database: heroku_e178423b7848e26
-- ------------------------------------------------------
-- Server version	5.6.50-log

/*!40101 SET @OLD_CHARACTER_SET_CLIENT=@@CHARACTER_SET_CLIENT */;
/*!40101 SET @OLD_CHARACTER_SET_RESULTS=@@CHARACTER_SET_RESULTS */;
/*!40101 SET @OLD_COLLATION_CONNECTION=@@COLLATION_CONNECTION */;
/*!50503 SET NAMES utf8 */;
/*!40103 SET @OLD_TIME_ZONE=@@TIME_ZONE */;
/*!40103 SET TIME_ZONE='+00:00' */;
/*!40014 SET @OLD_UNIQUE_CHECKS=@@UNIQUE_CHECKS, UNIQUE_CHECKS=0 */;
/*!40014 SET @OLD_FOREIGN_KEY_CHECKS=@@FOREIGN_KEY_CHECKS, FOREIGN_KEY_CHECKS=0 */;
/*!40101 SET @OLD_SQL_MODE=@@SQL_MODE, SQL_MODE='NO_AUTO_VALUE_ON_ZERO' */;
/*!40111 SET @OLD_SQL_NOTES=@@SQL_NOTES, SQL_NOTES=0 */;

--
-- Table structure for table `admin`
--

DROP TABLE IF EXISTS `admin`;
/*!40101 SET @saved_cs_client     = @@character_set_client */;
/*!50503 SET character_set_client = utf8mb4 */;
CREATE TABLE `admin` (
  `id` int(11) unsigned NOT NULL AUTO_INCREMENT,
  `username` varchar(30) NOT NULL,
  `password` text NOT NULL,
  `level` int(2) DEFAULT '1',
  PRIMARY KEY (`id`)
) ENGINE=InnoDB AUTO_INCREMENT=2 DEFAULT CHARSET=utf8mb4;
/*!40101 SET character_set_client = @saved_cs_client */;

--
-- Dumping data for table `admin`
--

LOCK TABLES `admin` WRITE;
/*!40000 ALTER TABLE `admin` DISABLE KEYS */;
INSERT INTO `admin` VALUES (1,'mashingil','9c2b3fb2dcf1b258c089a12e2e9077a54260471626d688e78eae39f36542e1a2',1);
/*!40000 ALTER TABLE `admin` ENABLE KEYS */;
UNLOCK TABLES;

--
-- Table structure for table `links`
--

DROP TABLE IF EXISTS `links`;
/*!40101 SET @saved_cs_client     = @@character_set_client */;
/*!50503 SET character_set_client = utf8mb4 */;
CREATE TABLE `links` (
  `id` int(11) unsigned NOT NULL AUTO_INCREMENT,
  `song_id` int(11) NOT NULL,
  `store_id` int(11) NOT NULL,
  `link` text,
  `clicks` int(11) DEFAULT '0',
  PRIMARY KEY (`id`)
) ENGINE=InnoDB AUTO_INCREMENT=395 DEFAULT CHARSET=utf8mb4;
/*!40101 SET character_set_client = @saved_cs_client */;

--
-- Dumping data for table `links`
--

LOCK TABLES `links` WRITE;
/*!40000 ALTER TABLE `links` DISABLE KEYS */;
INSERT INTO `links` VALUES (4,4,4,'https://soundcloud.app.goo.gl/qYn6g',32),(14,4,14,'https://audiomack.com/alshinthekid/song/wild-west',22),(24,14,14,'https://audiomack.com/alshinthekid/song/ride-for-me',2),(34,14,4,'https://soundcloud.app.goo.gl/Etq3q',3),(44,4,24,'https://amazon.com/music/player/albums/B09YHM3Y86?marketplaceId=ATVPDKIKX0DER&musicTerritory=US&ref=dm_sh_UVRV4MCXfLSjQ8oPG1syLo80H&trackAsin=B09YHLCKYV',5),(54,4,34,'https://youtu.be/_TUBBKEiqhQ',7),(64,4,44,'https://open.spotify.com/track/0eFbijXdV7sxhaTVWdxEEs?si=rfrCwailSWWf39uk6MWccw&utm_source=copy-link',6),(74,4,54,'https://music.apple.com/us/album/wild-west-single/1620360905',5),(84,54,14,'https://audiomack.com/alshinthekid/song/insomnia',5),(94,54,4,'https://soundcloud.app.goo.gl/z67h4',8),(104,44,44,'https://open.spotify.com/album/0kIIqN2YGSZKYTodwzxjn4?si=nmls8YNPRmK-V0iM_dDphQ&utm_source=copy-link',0),(114,44,4,'https://soundcloud.app.goo.gl/UzPYd',0),(124,44,14,'https://audiomack.com/alshinthekid/song/i-just-wanna-play',1),(154,64,14,'https://audiomack.com/alshinthekid/song/love-forever',2),(164,64,4,'https://soundcloud.app.goo.gl/eojb3',1),(184,84,14,'https://audiomack.com/alshinthekid/song/get-the-bag',0),(194,84,4,'https://soundcloud.app.goo.gl/qTxGq',0),(204,94,14,'https://audiomack.com/alshinthekid/song/metalika',2),(214,94,4,'https://soundcloud.app.goo.gl/HB9Uw',0),(224,104,14,'https://audiomack.com/alshinthekid/song/insane',5),(234,104,4,'https://soundcloud.app.goo.gl/LUj9C',5),(254,114,4,'https://soundcloud.app.goo.gl/3Cnxc',5),(264,114,14,'https://audiomack.com/alshinthekid/song/green-light',5),(274,124,4,'https://soundcloud.app.goo.gl/JxbJ9',5),(284,144,14,'https://audiomack.com/alshinthekid/song/indo-caribbean-violin-beat',0),(294,144,4,'https://soundcloud.app.goo.gl/N4bRd',0),(304,144,74,'https://drive.google.com/file/d/1mjGh_PTiHClljVNk1MdSYpFjG3I3Ai4Y/view?usp=drivesdk',1),(314,144,34,'https://youtube.com/shorts/ZBoGG2npBn8?feature=share',1),(324,154,84,'https://alshintk.online/p/184',3),(334,174,84,'https://alshintk.online/p/184',3),(344,164,84,'https://alshintk.online/p/184',4),(354,184,14,'https://audiomack.com/alshinthekid/album/black-roses',16),(364,184,4,'https://soundcloud.app.goo.gl/9ERSt',3),(374,184,44,'https://open.spotify.com/album/4HGI3iTw9bg181wqXwSEbV?si=DvhAJZItTD-2Ay53rr-fdA&utm_source=copy-link',1),(384,184,34,'https://youtube.com/playlist?list=OLAK5uy_kFN3qf50OWGaRajA877-jOAEvGnQWTTZo',3),(394,184,54,'https://music.apple.com/us/album/black-roses-single/1641092102',2);
/*!40000 ALTER TABLE `links` ENABLE KEYS */;
UNLOCK TABLES;

--
-- Table structure for table `newsletters`
--

DROP TABLE IF EXISTS `newsletters`;
/*!40101 SET @saved_cs_client     = @@character_set_client */;
/*!50503 SET character_set_client = utf8mb4 */;
CREATE TABLE `newsletters` (
  `id` int(11) unsigned NOT NULL AUTO_INCREMENT,
  `email` text,
  `status` varchar(10) DEFAULT NULL,
  PRIMARY KEY (`id`)
) ENGINE=InnoDB AUTO_INCREMENT=15 DEFAULT CHARSET=utf8mb4;
/*!40101 SET character_set_client = @saved_cs_client */;

--
-- Dumping data for table `newsletters`
--

LOCK TABLES `newsletters` WRITE;
/*!40000 ALTER TABLE `newsletters` DISABLE KEYS */;
INSERT INTO `newsletters` VALUES (4,'Gbiangb@gmail.com','valid'),(14,'alshinthekid@gmail.com','valid');
/*!40000 ALTER TABLE `newsletters` ENABLE KEYS */;
UNLOCK TABLES;

--
-- Table structure for table `socials`
--

DROP TABLE IF EXISTS `socials`;
/*!40101 SET @saved_cs_client     = @@character_set_client */;
/*!50503 SET character_set_client = utf8mb4 */;
CREATE TABLE `socials` (
  `id` int(11) unsigned NOT NULL AUTO_INCREMENT,
  `name` varchar(100) DEFAULT NULL,
  `link` text,
  `keyword` varchar(30) DEFAULT NULL,
  `clicks` int(11) DEFAULT '0',
  PRIMARY KEY (`id`)
) ENGINE=InnoDB AUTO_INCREMENT=65 DEFAULT CHARSET=utf8mb4;
/*!40101 SET character_set_client = @saved_cs_client */;

--
-- Dumping data for table `socials`
--

LOCK TABLES `socials` WRITE;
/*!40000 ALTER TABLE `socials` DISABLE KEYS */;
INSERT INTO `socials` VALUES (6,'Facebook (@alshinthekid)','https://fb.me/alshinthekid','Connect',52),(7,'Twitter (@alshinthekid)','https://twitter.com/alshinthekid','Connect',52),(8,'Tiktok (@alshinthekid)','https://tiktok.com/alshinthekid','Follow',49),(14,'YouTube (Alshin The Kid) ','https://youtube.com/channel/UC1ZWiKcZxNheOyXkonGoMWw','Subscribe',48),(24,'Audiomack (@alshinthekid) ','https://audiomack.com/alshinthekid','Follow',51),(34,'Mail (alshinthekid@gmail.com) ','mailto:alshinthekid@gmail.com','Message',47),(44,'Spotify','https://open.spotify.com/artist/4XdXMrmqC7IpmWwih17lky?si=G9eSOyg-QgSPUNz7-vsbEg&utm_source=copy-link','Connect ',23),(54,'Last.fm','https://www.last.fm/music/Alshin+The+Kid','Connect',22),(64,'Facebook\'s','Htpps://hdjkdhd.com/','Follow',7);
/*!40000 ALTER TABLE `socials` ENABLE KEYS */;
UNLOCK TABLES;

--
-- Table structure for table `songs`
--

DROP TABLE IF EXISTS `songs`;
/*!40101 SET @saved_cs_client     = @@character_set_client */;
/*!50503 SET character_set_client = utf8mb4 */;
CREATE TABLE `songs` (
  `id` int(11) unsigned NOT NULL AUTO_INCREMENT,
  `status` varchar(20) NOT NULL,
  `title` varchar(100) NOT NULL,
  `main_art` varchar(20) NOT NULL,
  `features` varchar(100) DEFAULT NULL,
  `upc` varchar(20) DEFAULT NULL,
  `isrc` varchar(20) DEFAULT NULL,
  `release_date` text,
  `preview` text,
  `cover_art` text,
  `visits` int(11) DEFAULT '0',
  `l_clicks` int(11) DEFAULT '0',
  `genres` text,
  `tags` text,
  `lyrics` text,
  `upload_time` timestamp NULL DEFAULT NULL,
  PRIMARY KEY (`id`)
) ENGINE=InnoDB AUTO_INCREMENT=185 DEFAULT CHARSET=utf8mb4;
/*!40101 SET character_set_client = @saved_cs_client */;

--
-- Dumping data for table `songs`
--

LOCK TABLES `songs` WRITE;
/*!40000 ALTER TABLE `songs` DISABLE KEYS */;
INSERT INTO `songs` VALUES (4,'private','Wild West','Alshin The Kid','','5063011676119','GX4R52242751','1649874600000','https://firebasestorage.googleapis.com/v0/b/alshin.appspot.com/o/WW SNIP.mp3?alt=media','https://firebasestorage.googleapis.com/v0/b/alshin.appspot.com/o/wild-west-cover.png?alt=media',104,78,'HipHop/Rap, Boom Bap','Dark, Chill','Twenty four right in my feels \nI make all my haters go Fucking insane (you mad bro)\nLivin\' everyday like a king, a star\nAnd I ain\'t even say anything (I stay cool)\nGot my issues in a sink,I pray\nAnd God done flush everythang\nI fuck with the strongest\nMy mind is the wild west\nHeard you said you got a new heat\nI pull up, and now you don\'t have anything (shiii)\nI pull nine com\'s on the street\nDamn,you might as well call me The Kid (Billy)\nYou never go past talkin\' shit\nYou know, my homies can shoot anything\nI fuck with the ruthless\nAnd my mind is the wild west\nMy mind is the wild west\n(My mind is the wild west)\n\nThis\' verse two\nFour by four\nYeah it\'s true\nYour girl is a ...\nI ain\'t say that\nYou ain\'t hear from me\nThat\'s how I be when your girl bust it down for me\nOooh,would you please stay strong for me\nNo hard feelings\nIt ain\'t start with me\nLife goes hard for me\nThat\'s why they never get a hit on me\nEnough of the shit talk\nI go wild but I gotta put a leash on it\n(Enough of the shit talk... I go wild but I gotta put a leash on it)\nY\'alls outchea killing \nFor no reason, you gotta put a stop to it\n(Y\'alls outchea killing... it\'s stupid)\n\nTwenty four right in my feels \nI make all my haters go Fucking insane (you mad bro)\nLivin\' everyday like a king, a star\nAnd I ain\'t even say anything (I stay cool)\nGot my issues in a sink,I pray\nAnd God done flush everythang\nI fuck with the strongest\nMy mind is the wild west\nHeard you said you got a new heat\nI pull up, and now you don\'t have anything (shiii)\nI pull nine com\'s on the street\nDamn,you might as well call me The Kid (Billy)\nYou never go past talkin\' shit\nYou know, my homies can shoot anything\nI fuck with the ruthless\nAnd my mind is the wild west\nMy mind is the wild west\n(Alshin)',NULL),(14,'private','Ride For Me','Alshin The Kid','','5059962812584','GX4R52259783','1650457800000','https://firebasestorage.googleapis.com/v0/b/alshin.appspot.com/o/RFM SNIP.mp3?alt=media','https://firebasestorage.googleapis.com/v0/b/alshin.appspot.com/o/RFM 500.jpg?alt=media',84,5,'Pop, Emo Pop','Chill, Lo Fi, Calm','You don\'t look good today\nBut that ain\'t matter cos you got a lotta work to do\nAnd you ain\'t got ops to choose\nYou can be a king\nYou gon\' be a god\nYou can be a slave\nYou gonna be a lord\nYou ain\'t taking L\nNo matter what the cost\nNo matter what the cost\n\nThat\'s what I say to myself\nWhen I look in a glass \nWon\'t you ride for me\nI\'ma do this for you\nJust keep believing\nDon\'t you cry for me\nThat\'s what I say to myself\nWhen I look in a glass \nWon\'t you ride for me\nI\'ma do this for you\nJust keep believing\nDon\'t you cry for me\nWon\'t you ride for me\nWon\'t you ride for me\nWon\'t you ride for me\nWon\'t you ride for me\n\nFrom sunday to monday \nEverything hard like say no be payday\nFrom monday to friday\nEverything makes me crazy\nLike life got the worst for me\nBut I gotta be the best of me\nI put me on deadline\nTime\'s gone out\nNow waitin\' for a stop sign\nThe lights gone out\nThat means no going back\nBravo we going dark\n\nThat\'s what I say to myself\nWhen I look in a glass \nWon\'t you ride for me\nI\'ma do this for you\nJust keep believing\nDon\'t you cry for me\nThat\'s what I say to myself\nWhen I look in a glass \nWon\'t you ride for me\nI\'ma do this for you\nJust keep believing\nDon\'t you cry for me\nWon\'t you ride for me\nWon\'t you ride for me\nWon\'t you ride for me\nWon\'t you ride for me',NULL),(34,'private','Dreams','Alshin The Kid','','','','1653913800000','','https://firebasestorage.googleapis.com/v0/b/alshin.appspot.com/o/DREAMS 500-0.webp?alt=media',2,0,'HipHop, Melodic Trap','Groove, Bouncy, Guitar','',NULL),(44,'private','I Just Wanna Play','Alshin The Kid','','5063010864500','GX4R52279478','1651581000000','https://firebasestorage.googleapis.com/v0/b/alshin.appspot.com/o/IJWP SNIP.mp3?alt=media','https://firebasestorage.googleapis.com/v0/b/alshin.appspot.com/o/Hnet.com-image (1).webp?alt=media',6,1,'HipHop, Dark Trap','Purge-themed, Dark, Chilled','',NULL),(54,'private','Insomnia','Alshin The Kid','','5063011317234','GX4R52285333','1651410000000','https://firebasestorage.googleapis.com/v0/b/alshin.appspot.com/o/INSOMNIA SNIP-0.mp3?alt=media','https://firebasestorage.googleapis.com/v0/b/alshin.appspot.com/o/Hnet.com-image (2).jpg?alt=media',76,13,'Blues, Emo','Ambient, Sad, Haunting','So much sadness\n\noh oh oh oh oh oh\noh oh oh oh oh\noh oh oh oh oh oh\noh oh oh oh oh\n\nThey tryna put me on some chain\nI\'m tryna be the best of me\nThey wanna put me through some pain\nI feel it flowing in my vein\nLittle cells of victory\nI\'m tryna keep key on my lane\nBefore they bring the end of me\n\nI see the devil looking in my eyes\nI swear a demon tryna take my life\nI ain\'t gon let em take away my prize\n\nSo Much Sadness\n\nI see the devil looking in my eyes\nI swear a demon tryna take my life\nI ain\'t gon let em take away my prize\n\nI see the devil looking in my eyes\nI swear a demon tryna take my life\nI ain\'t gon let em take away my prize\n\nThey tryna put me on some chain\nI\'m tryna be the best of me\nThey wanna put me through some pain\nI feel it flowing in my vein\nLittle cells of victory\nI\'m tryna keep key on my lane\nBefore they bring the end of me\n\nSo much sadness',NULL),(64,'private','Love Forever','Alshin The Kid','','5059962463434','5059962463434','1652891400000','https://firebasestorage.googleapis.com/v0/b/alshin.appspot.com/o/SNIP.mp3?alt=media','https://firebasestorage.googleapis.com/v0/b/alshin.appspot.com/o/Hnet.com-image (1).png?alt=media',235,4,'Afro-Fusion, AfroPop','Relaxing, Soothing','Har abada eh har abada ah\nHar abada eh har abada\n\nI no dey quit, I no surrender\nThis your race I go run forever\nYou be keeper your count is slender\nYou be ten plus me we baller\nYour picture or\'gi\'(Original) you no be bender\nSoup e sweet I be money spender\nYou get e goals and you get agenda\nJust dey strike I go be defender\nMy equicenter I hold you tight\nRound around I go treat you right\nYour body just full curves no edges\nA lotta things we gonn\' do tonight\nYou suit forever my appetite\nYou burst my brain like a dynamite\nI want this feeling now and ever eh\n\nMe and you we go dey forever\nLove forever\nWe grow old together (together together)\nLove forever (forever together)\nMe and you we go dey forever \nLove forever\nWe grow old together (together together)\nLove forever (forever together)\n\nTill the end you my best decision\nNo eeny meeny miney mo\nWe be real life Wandavision\nCos I\'m never lettin\' go\nTill the end you my best decision\nNo eeny meeny miney mo\nWe be real life Wandavision\nCos I\'m never lettin\' go\n\nMy equicenter I hold you tight\nRound around I go treat you right\nYour body just full curves no edges\nA lotta things we gonn\' do tonight\nYou suit forever my appetite\nYou burst my brain like a dynamite\nI want this feeling now and ever eh\n\nMe and you we go dey forever\nLove forever\nWe grow old together (together together)\nLove forever (forever together)\nMe and you we go dey forever \nLove forever\nWe grow old together (together together)\nLove forever (forever together)\n\nLove forever\nLove Forever\n\nAlshin\n\nHar abada eh har abada ah\nHar abada eh har abada ah',NULL),(74,'private','Timeout','Alshin The Kid','','','','1653237000000','','https://firebasestorage.googleapis.com/v0/b/alshin.appspot.com/o/photostudio_1652865410978-0.jpg?alt=media',5,0,'Afrobeat, Afro-Latin','Calm, Bouncy','',NULL),(84,'private','Get The Bag','Alshin The Kid','','5063010431795','GX5MX2243675','1653633000000','https://firebasestorage.googleapis.com/v0/b/alshin.appspot.com/o/GTB SNIP-1.mp3?alt=media','https://firebasestorage.googleapis.com/v0/b/alshin.appspot.com/o/Hnet.com-image (3).jpg?alt=media',4,0,'Hip Hop, Trap','Fast, Motivational','\nWoke up in the morning it\'s a brighter day\nSmoking all the weed got me thinking it\'s another day\nGrimmie on vacation we ain\'t die today\nThen We get the bag like we did nothing yesterday\n\nBeen hell\'a days I ain\'t even got a pennie\nGimme cause why I shouldn\'t go wild (Go wild)\nCertified skill I ain\'t even got a cent\nShut the fuck when you tell me go mild (Go mild)\nFell from ease,I ain\'t lie we\'s good as a child\nI\'m tryna go back (For real)\nLotta sacrifice I ain\'t know what else to do\nAll I know is I gotta get the bag\n\n\nGet the bag \nGet the bag\nGet the bag \nGet the bag\nGet the bag \nGet the bag\nGet the bag \nGet the bag\n\nIt worked right?',NULL),(94,'private','Metalika','Alshin The Kid','','','','1654230600000','https://firebasestorage.googleapis.com/v0/b/alshin.appspot.com/o/Metalika Snip-0.mp3?alt=media','https://firebasestorage.googleapis.com/v0/b/alshin.appspot.com/o/photostudio_1654078624034-0.jpg?alt=media',21,2,'Afro-Soul, Afrobeats','Chill, Dance','',NULL),(104,'private','Insane','Alshin The Kid','','5063113600463','GX5MX2273135','1655037000000','https://firebasestorage.googleapis.com/v0/b/alshin.appspot.com/o/Insane Snip.mp3?alt=media','https://firebasestorage.googleapis.com/v0/b/alshin.appspot.com/o/photostudio_1654818466000.jpg?alt=media',30,10,'RnB/Soul','Dark, Emotional','Talkin\'  in my sleep\nWhat am I sayin\'\nDead on the in\'\nStill not decayin\'\nFallin\' in deep\nLike I\'m overweigh\'in\'\n\nSwearin\' down the lane\nMotherfucker spittin\'\nReason is the pain\nThinking \'bout committin\'\nBound in a chain\nTill it started payin\'\n\nIt\'s hard to make me stay alive\nIt\'s like I had enough\nFuckin\' insane they make me go\nThis is the struggle for a life\nSlowly you turnin\' off\nWith written fates from long ago \n\nTalkin\'  in my sleep\nWhat am I sayin\'\nDead on the in\'\nStill not decayin\'\nFallin\' in deep\nLike I\'m overweigh\'in\'\n\nSwearin\' down the lane\nMotherfucker spittin\'\nReason is the pain\nThinking \'bout committin\'\nBound in a chain\nTill it started payin\'\n\nIt\'s hard to make me stay alive\nIt\'s like I had enough\nFuckin\' insane they make me go\nThis is the struggle for a life\nSlowly you turnin\' off\nWith written fates from long ago ',NULL),(114,'private','Green Light','Alshin The Kid','','','','1656693000000','https://firebasestorage.googleapis.com/v0/b/alshin.appspot.com/o/GL SNIP.mp3?alt=media','https://firebasestorage.googleapis.com/v0/b/alshin.appspot.com/o/photostudio_1655852121409.jpg?alt=media',15,10,'Hip Hop, Pop','Motivation, Dance','I move like a magician  \nE\'eryday my thang on fleek\nI do sum\' big\nI stan my ambition\nThey say no pain no gain\nAin\'t I ain\'t playin\'\nI need no permission\nKing I ain\'t do no clique\nYour girl on my rig\nShe feels the position\nThat\'s a lil diversion\n\nGo hard  ain\'t sleeping on a late night\nI\'m tryna pull a heist on the spotlight\nI ain\'t even stop on a red light\nNo choice but  ahead  like a gang fight\nWork hard  ain\'t sleeping on a late night\nI\'m tryna pull a heist on the spotlight\nI ain\'t even stop on a red light\nNo choice but to ahead in like a gang fight\nGreen light red light\nGreen light more life\nGreen light red light\nGreen light more life\nGreen light red light\nGreen light more life\nGreen light red light\nGreen light \n\nI never play with me\nI ain\'t play with me\nI don\'t play with me\n\nNever play with me\nI don\'t play with me\n\nAnd that\'s how we roll\nPut\'em all on a roll\nThat I\'m tryna do do do\nthat thang go roo roo roo\nYeah\n\n\nGo hard  ain\'t sleeping on a late night\nI\'m tryna pull a heist on the spotlight\nI ain\'t even stop on a red light\nNo choice but  ahead  like a gang fight\nWork hard  ain\'t sleeping on a late night\nI\'m tryna pull a heist on the spotlight\nI ain\'t even stop on a red light\nNo choice but to ahead in like a gang fight\nGreen light red light\nGreen light more life\nGreen light red light\nGreen light more life\nGreen light red light\nGreen light more life\nGreen light red light\nGreen light more life',NULL),(124,'private','Sick Notes','Alshin The Kid','','','','1656865800000','https://firebasestorage.googleapis.com/v0/b/alshin.appspot.com/o/SN SNIP.mp3?alt=media','https://firebasestorage.googleapis.com/v0/b/alshin.appspot.com/o/photostudio_1656062219075.jpg?alt=media',19,5,'HipHop/Trap, Melodic Rap','Bouncy, Energetic','I been tapping on the same flow\nI guess I got more rhythm now\nTell your girl to get the window\nI be chill like the pole now\nI got niggas on the same goal\nWe been grinding since the second brawl\nSlow it down so that they know\nThat we just bout to hit it now\nFelt a little sick tho\nAnd I just got the antidote\nMaybe I\'m too sick tho\nCause my flows got the unicode\nPlayin with the beast notes\nBidness on as usual\nAsking for the big quotes\nAin\'t do it on a casual\nI been tapping on the same flow\nI guess I got more rhythm now\nTell your girl to get the window\nI be chilly like the pole now\nI got niggas on the same goalh\nWe been grinding since the second brawl\nSlow it down so that they know\nThat we just bout to hit it now',NULL),(134,'private','Fade','Alshin The Kid','','','','1657470600000','https://firebasestorage.googleapis.com/v0/b/alshin.appspot.com/o/FADE SNIP-0.mp3?alt=media','https://firebasestorage.googleapis.com/v0/b/alshin.appspot.com/o/photostudio_1657444535805.jpg?alt=media',4,0,'Singer Songwriter, RnB','Emotional, Calm, Dark','When you pray but hostile things happen\nWhen the need to pray seems deceitful\nWhen you blame yourself cos things ain\'t cool\nYou scared to pray\nYou scared\nWhen it seems to trigger something vile\nWhen it all seems scary down the aile\nWhen it all seems forced like you do with a smile\nEveryday\nLike you do with a smile\n\nHow can i escape this omen\nHow can I evade\nFeels a lot to be this human\nTakes alot of faith\nHow can i escape this omen\nHow can I just fade\nInto the void\n\nHow can i escape this omen\nHow can I evade\nFeels a lot to be this human\nTakes alot of faith\nHow can i escape this omen\nHow can I just fade\nInto the void',NULL),(144,'private','Indo-Caribbean Violin Beat','Alshin The Kid','Klein The Remix Junkie','','','1657611000000','https://firebasestorage.googleapis.com/v0/b/alshin.appspot.com/o/INDOCARRIBEAN VIOLIN REMIX-1.mp3?alt=media','https://firebasestorage.googleapis.com/v0/b/alshin.appspot.com/o/photostudio_1657631518439.jpg?alt=media',15,2,'Reggaeton, Traditional','Party','',NULL),(154,'public','Honest Playboy','Alshin The Kid','','','','1660645800000','https://firebasestorage.googleapis.com/v0/b/alshin.appspot.com/o/Honest Playboy - Snip.mp3?alt=media','https://firebasestorage.googleapis.com/v0/b/alshin.appspot.com/o/photostudio_1660634922290.jpg?alt=media',9,3,'Afrobeats','Party','Na na na\r\nNa na na\r\nNa naaaa\r\n\r\nI\'m Alshin by name\r\nI\'ll call you babe don\'t bother sayin\' your name\r\nHere for your love but most for your body\r\nBen is a short name I\'m finna ease your moanin\'\r\nYeah\r\nI\'m an honest playboy\r\nLike guys do play but I be kingin\' this sport\r\nAnd you know, I\'m a real sweet boy\r\nGonn\' give you all the pleasure when I hit that spot\r\n\r\nAllow me to introduce myself \r\nAllow me cos I\'m off the shelf\r\nAllow me please  \r\nLet me show you all my girls\r\nLet me take you to my place\r\nAllow me please\r\nWhen you need me just give me a call\r\nGirl I swear you\' the best among\r\nYou know I\'m honest\r\nPlease be my Beyonce \r\nLet me be your Solo..., cause\r\n\r\nI\'m an honest playboy\r\nI\'m an honest playboy boy boy, boy boy boy\r\nI\'m an honest playboy\r\nI\'m an honest playboy boy boy, boy boy boy yeah\r\n\r\nI know you got questions\r\nOn me you start countin\'\r\nI\'m not a family guy\r\nI got a lotta women\r\nBack in the days I knew love only\r\nI gave a lotta hecks but heartbreaks on me\r\nNow you know how it started\r\nI\'m tryna be like Solomon and I stopped countin\'\r\nI shoulda known to avoid \'em, yeah\r\nHeartbreakers with the red gem\r\nso\r\n\r\nI\'m Alshin by name\r\nI\'ll call you babe don\'t bother sayin\' your name\r\nHere for your love but most for your body\r\nBen is a short name I\'m finna ease your moanin\'\r\nYeah\r\nI\'m an honest playboy\r\nLike guys do play but I be kingin\' this sport\r\nAnd you know, I\'m a real sweet boy\r\nGonn\' give you all the pleasure when I hit that spot\r\n\r\nAllow me to introduce myself \r\nAllow me cos I\'m off the shelf\r\nAllow me please  \r\nLet me show you all my girls\r\nLet me take you to my place\r\nAllow me please\r\nWhen you need me just give me a call\r\nGirl I swear you\' the best among\r\nYou know I\'m honest\r\nPlease be my Beyonce \r\nLet me be your Solo..., cause\r\n\r\nI\'m an honest playboy\r\nI\'m an honest playboy boy boy, boy boy boy\r\nI\'m an honest playboy\r\nI\'m an honest playboy boy boy, boy boy boy yeah\r\n\r\nNa na na\r\nNa na na\r\nNa na na\r\nNa na na\r\nNa na na ah',NULL),(164,'public','Life And Lessons','Alshin The Kid','Ally Diah','','','1660645800000','https://firebasestorage.googleapis.com/v0/b/alshin.appspot.com/o/Life And Lessons - Snip.mp3?alt=media','https://firebasestorage.googleapis.com/v0/b/alshin.appspot.com/o/photostudio_1660634922290-0.jpg?alt=media',9,4,'Rap/HipHop','Dark Trap','Life is everything\nOh life is everything\nDon\'t slow down get your things\nLet\'s go fulfil our dreams\nLife is everything\nOh life is everything (Yo)\nDon\'t slow down get your things\nThis life has no repeat\n\nI never take an L more than once \n\'Less it gotta put some motherf*cking cash in my pocket\nSeen a lot of sh*t, been through a lot\nNow my eyes gone full cra\'y in the soxket\nOne moment you be winning\nIn the next life done put you down like an Elon rocket (Put it)\nBut you gotta keep pushing\nSome point life gonn\' shut the headroom for your effort (Never quit)\nStarted from the bottom now I got this (Got this)\nNext time I\'ma go and get that (Get that)\nWhen Lao Tzu wrote about Journey of a thousand\nStarting with a step, man I felt that (Man I felt that)\nJourney to the top, man I can\'t miss (I can\'t miss)\nEven if a tip toe tic tac (Tic tac)\nHeads up y\'all this is damage control taking charge\nAnd then we gonn\' hit back\n\nAnd then we gonn\' hit back\nFor reals tho\n\nLife is everything\nOh life is everything\nDon\'t slow down get your things\nLet\'s go fulfil our dreams\nLife is everything\nOh life is everything\nDon\'t slow down get your things\nThis life has no repeat\nMmmm Am I dreaming\nOh am I dreaming\nThis place I\'ve never seen\nThis place I\'ve never seen\nOh wala wala wala wala eh\nDon\'t listen to what they say\nThis pressure will never stay\nWe\'ll never go away\n\nLife full of lessons\nIt\'s a life full of lessons\nLife full of lessons\nIt\'s a life full of lessons\nLife full of lessons\nIt\'s a life full of lessons (It\'s a life fulla fulla)\nLife full of lessons (Skrrt)\nIt\'s a life full of lessons (Aye aye)\nUhh',NULL),(174,'public','Wild Cats','Alshin The Kid','','','','1660645800000','https://firebasestorage.googleapis.com/v0/b/alshin.appspot.com/o/Wild Cats - Snip.mp3?alt=media','https://firebasestorage.googleapis.com/v0/b/alshin.appspot.com/o/photostudio_1660634922290-1.jpg?alt=media',7,3,'Rap/HipHop','Pop Rap','I got wild cats in my building\nThey be too wild clean\nThey done turn my room a jungle\nAll bikinis on the sofa\nFelines so hot\nThey done turn my room an oven\n\nI got wild cats at my corner\nBikinis on the sofa\nFelines so hot\nThese girls ain\'t never gettin\' slower\nYeah we party all night \nWe locked up with wild cats\nPain on the side\nWe wasted like tomcats\nWild cats at my Corner\nBikinis on the sofa\nFelines so hot\nThese girls ain\'t never gettin\' slower\nYeah we party all night \nWe locked up with wild cats\nPain on the side\nWe wasted like tomcats\n\nSome people be in chains tho\nMine,the girls got me low\nThe first one\'s like a lion\n\'Ness she put me down on an iron\nWild cats no protocol\nLike web served on a local\nAnother one\'s a tiger\nShe got me deep like a digger\nHomie always on a hot seat\nThe Disc Jay gives more beat\nThe bouncer,she\'s tough tho\nShe\'s so soft like a bread dough\nBen gonn\' get you covered\nThe terms are just your whole heart\nAnd lotta more, I guess we play\nIn the den you just do what I say\n\nThey done turn my room a jungle\nThey goin\' wild clean \nAlways right they never fumble\nToo much trouble\nWildcats always ready giving double\nIn the den, I\'m a lion\nI\'m the king of the jungle\n\nI got wild cats at my corner\nBikinis on the sofa\nFelines so hot\nThese girls ain\'t never gettin\' slower\nYeah we party all night \nWe locked up with wild cats\nPain on the side\nWe wasted like tomcats\nWild cats at my Corner\nBikinis on the sofa\nFelines so hot\nThese girls ain\'t never gettin\' slower\nYeah we party all night \nWe locked up with wild cats\nPain on the side\nWe wasted like tomcats\n\nI got wild cats at my corner\nBikinis on the sofa\nFelines so hot\nThese girls ain\'t never gettin\' slower\nYeah we party all night \nWe locked up with wild cats\nPain on the side\nWe wasted like tomcats',NULL),(184,'public','Black Roses EP','Alshin The Kid','','','','1660645800000','https://firebasestorage.googleapis.com/v0/b/alshin.appspot.com/o/Honest Playboy - Snip-0.mp3?alt=media','https://firebasestorage.googleapis.com/v0/b/alshin.appspot.com/o/photostudio_1660634922290-2.jpg?alt=media',62,25,'Rap/HipHop, Afrobeats','Pop Rap, Dark Trap','--- 1. Wild Cats ---\r\nI got wild cats in my building\r\nThey be too wild clean\r\nThey done turn my room a jungle\r\nAll bikinis on the sofa\r\nFelines so hot\r\nThey done turn my room an oven\r\n\r\nI got wild cats at my corner\r\nBikinis on the sofa\r\nFelines so hot\r\nThese girls ain\'t never gettin\' slower\r\nYeah we party all night \r\nWe locked up with wild cats\r\nPain on the side\r\nWe wasted like tomcats\r\nWild cats at my Corner\r\nBikinis on the sofa\r\nFelines so hot\r\nThese girls ain\'t never gettin\' slower\r\nYeah we party all night \r\nWe locked up with wild cats\r\nPain on the side\r\nWe wasted like tomcats\r\n\r\nSome people be in chains tho\r\nMine,the girls got me low\r\nThe first one\'s like a lion\r\n\'Ness she put me down on an iron\r\nWild cats no protocol\r\nLike web served on a local\r\nAnother one\'s a tiger\r\nShe got me deep like a digger\r\nHomie always on a hot seat\r\nThe Disc Jay gives more beat\r\nThe bouncer,she\'s tough tho\r\nShe\'s so soft like a bread dough\r\nBen gonn\' get you covered\r\nThe terms are just your whole heart\r\nAnd lotta more, I guess we play\r\nIn the den you just do what I say\r\n\r\nThey done turn my room a jungle\r\nThey goin\' wild clean \r\nAlways right they never fumble\r\nToo much trouble\r\nWildcats always ready giving double\r\nIn the den, I\'m a lion\r\nI\'m the king of the jungle\r\n\r\nI got wild cats at my corner\r\nBikinis on the sofa\r\nFelines so hot\r\nThese girls ain\'t never gettin\' slower\r\nYeah we party all night \r\nWe locked up with wild cats\r\nPain on the side\r\nWe wasted like tomcats\r\nWild cats at my Corner\r\nBikinis on the sofa\r\nFelines so hot\r\nThese girls ain\'t never gettin\' slower\r\nYeah we party all night \r\nWe locked up with wild cats\r\nPain on the side\r\nWe wasted like tomcats\r\n\r\nI got wild cats at my corner\r\nBikinis on the sofa\r\nFelines so hot\r\nThese girls ain\'t never gettin\' slower\r\nYeah we party all night \r\nWe locked up with wild cats\r\nPain on the side\r\nWe wasted like tomcats\r\n\r\n\r\n\r\n--- 2. Life And Lessons ---\r\nLife is everything\r\nOh life is everything\r\nDon\'t slow down get your things\r\nLet\'s go fulfil our dreams\r\nLife is everything\r\nOh life is everything (Yo)\r\nDon\'t slow down get your things\r\nThis life has no repeat\r\n\r\nI never take an L more than once \r\n\'Less it gotta put some motherf*cking cash in my pocket\r\nSeen a lot of sh*t, been through a lot\r\nNow my eyes gone full cra\'y in the soxket\r\nOne moment you be winning\r\nIn the next life done put you down like an Elon rocket (Put it)\r\nBut you gotta keep pushing\r\nSome point life gonn\' shut the headroom for your effort (Never quit)\r\nStarted from the bottom now I got this (Got this)\r\nNext time I\'ma go and get that (Get that)\r\nWhen Lao Tzu wrote about Journey of a thousand\r\nStarting with a step, man I felt that (Man I felt that)\r\nJourney to the top, man I can\'t miss (I can\'t miss)\r\nEven if a tip toe tic tac (Tic tac)\r\nHeads up y\'all this is damage control taking charge\r\nAnd then we gonn\' hit back\r\n\r\nAnd then we gonn\' hit back\r\nFor reals tho\r\n\r\nLife is everything\r\nOh life is everything\r\nDon\'t slow down get your things\r\nLet\'s go fulfil our dreams\r\nLife is everything\r\nOh life is everything\r\nDon\'t slow down get your things\r\nThis life has no repeat\r\nMmmm Am I dreaming\r\nOh am I dreaming\r\nThis place I\'ve never seen\r\nThis place I\'ve never seen\r\nOh wala wala wala wala eh\r\nDon\'t listen to what they say\r\nThis pressure will never stay\r\nWe\'ll never go away\r\n\r\nLife full of lessons\r\nIt\'s a life full of lessons\r\nLife full of lessons\r\nIt\'s a life full of lessons\r\nLife full of lessons\r\nIt\'s a life full of lessons (It\'s a life fulla fulla)\r\nLife full of lessons (Skrrt)\r\nIt\'s a life full of lessons (Aye aye)\r\nUhh\r\n\r\n\r\n\r\n--- 3. Honest Playboy ---\r\nNa na na\r\nNa na na\r\nNa naaaa\r\n\r\nI\'m Alshin by name\r\nI\'ll call you babe don\'t bother sayin\' your name\r\nHere for your love but most for your body\r\nBen is a short name I\'m finna ease your moanin\'\r\nYeah\r\nI\'m an honest playboy\r\nLike guys do play but I be kingin\' this sport\r\nAnd you know, I\'m a real sweet boy\r\nGonn\' give you all the pleasure when I hit that spot\r\n\r\nAllow me to introduce myself \r\nAllow me cos I\'m off the shelf\r\nAllow me please  \r\nLet me show you all my girls\r\nLet me take you to my place\r\nAllow me please\r\nWhen you need me just give me a call\r\nGirl I swear you\' the best among\r\nYou know I\'m honest\r\nPlease be my Beyonce \r\nLet me be your Solo..., cause\r\n\r\nI\'m an honest playboy\r\nI\'m an honest playboy boy boy, boy boy boy\r\nI\'m an honest playboy\r\nI\'m an honest playboy boy boy, boy boy boy yeah\r\n\r\nI know you got questions\r\nOn me you start countin\'\r\nI\'m not a family guy\r\nI got a lotta women\r\nBack in the days I knew love only\r\nI gave a lotta hecks but heartbreaks on me\r\nNow you know how it started\r\nI\'m tryna be like Solomon and I stopped countin\'\r\nI shoulda known to avoid \'em, yeah\r\nHeartbreakers with the red gem\r\nso\r\n\r\nI\'m Alshin by name\r\nI\'ll call you babe don\'t bother sayin\' your name\r\nHere for your love but most for your body\r\nBen is a short name I\'m finna ease your moanin\'\r\nYeah\r\nI\'m an honest playboy\r\nLike guys do play but I be kingin\' this sport\r\nAnd you know, I\'m a real sweet boy\r\nGonn\' give you all the pleasure when I hit that spot\r\n\r\nAllow me to introduce myself \r\nAllow me cos I\'m off the shelf\r\nAllow me please  \r\nLet me show you all my girls\r\nLet me take you to my place\r\nAllow me please\r\nWhen you need me just give me a call\r\nGirl I swear you\' the best among\r\nYou know I\'m honest\r\nPlease be my Beyonce \r\nLet me be your Solo..., cause\r\n\r\nI\'m an honest playboy\r\nI\'m an honest playboy boy boy, boy boy boy\r\nI\'m an honest playboy\r\nI\'m an honest playboy boy boy, boy boy boy yeah\r\n\r\nNa na na\r\nNa na na\r\nNa na na\r\nNa na na\r\nNa na na ah',NULL);
/*!40000 ALTER TABLE `songs` ENABLE KEYS */;
UNLOCK TABLES;

--
-- Table structure for table `stores`
--

DROP TABLE IF EXISTS `stores`;
/*!40101 SET @saved_cs_client     = @@character_set_client */;
/*!50503 SET character_set_client = utf8mb4 */;
CREATE TABLE `stores` (
  `id` int(11) unsigned NOT NULL AUTO_INCREMENT,
  `name` varchar(30) DEFAULT NULL,
  `clicks` int(11) DEFAULT '0',
  `keyword` varchar(30) DEFAULT NULL,
  PRIMARY KEY (`id`)
) ENGINE=InnoDB AUTO_INCREMENT=85 DEFAULT CHARSET=utf8mb4;
/*!40101 SET character_set_client = @saved_cs_client */;

--
-- Dumping data for table `stores`
--

LOCK TABLES `stores` WRITE;
/*!40000 ALTER TABLE `stores` DISABLE KEYS */;
INSERT INTO `stores` VALUES (4,'SoundCloud',0,'Play'),(14,'Audiomack',0,'Stream'),(24,'Amazon Music',0,'Listen'),(34,'Youtube',0,'Watch'),(44,'Spotify',0,'Stream'),(54,'Apple Music',0,'Stream'),(74,'Google Drive',0,'Download'),(84,'ATK Online',0,'Stream Full Release');
/*!40000 ALTER TABLE `stores` ENABLE KEYS */;
UNLOCK TABLES;

--
-- Table structure for table `visits`
--

DROP TABLE IF EXISTS `visits`;
/*!40101 SET @saved_cs_client     = @@character_set_client */;
/*!50503 SET character_set_client = utf8mb4 */;
CREATE TABLE `visits` (
  `id` int(11) unsigned NOT NULL AUTO_INCREMENT,
  `ip` text,
  `dd` int(2) DEFAULT NULL,
  `mm` int(2) DEFAULT NULL,
  `yyyy` int(4) DEFAULT NULL,
  `location` varchar(15) DEFAULT 'not assigned',
  PRIMARY KEY (`id`)
) ENGINE=InnoDB AUTO_INCREMENT=4165 DEFAULT CHARSET=utf8mb4;
/*!40101 SET character_set_client = @saved_cs_client */;

--
-- Dumping data for table `visits`
--

LOCK TABLES `visits` WRITE;
/*!40000 ALTER TABLE `visits` DISABLE KEYS */;
INSERT INTO `visits` VALUES (4,'::ffff:10.1.94.223',19,4,2022,'not assigned'),(14,'::ffff:10.1.26.199',19,4,2022,'not assigned'),(24,'::ffff:10.1.8.27',19,4,2022,'not assigned'),(34,'::ffff:10.1.92.181',19,4,2022,'not assigned'),(44,'::ffff:10.1.15.22',19,4,2022,'not assigned'),(54,'::ffff:10.1.89.35',19,4,2022,'not assigned'),(64,'::ffff:10.1.26.8',19,4,2022,'not assigned'),(74,'::ffff:10.1.85.75',19,4,2022,'not assigned'),(84,'::ffff:10.1.49.221',19,4,2022,'not assigned'),(94,'::ffff:10.1.28.197',19,4,2022,'not assigned'),(104,'::ffff:10.1.1.197',19,4,2022,'not assigned'),(114,'::ffff:10.1.51.33',19,4,2022,'not assigned'),(124,'::ffff:10.1.56.249',19,4,2022,'not assigned'),(134,'::ffff:10.1.85.18',19,4,2022,'not assigned'),(144,'::ffff:10.1.60.150',19,4,2022,'not assigned'),(154,'::ffff:10.1.29.109',19,4,2022,'not assigned'),(164,'::ffff:10.1.90.169',19,4,2022,'not assigned'),(174,'::ffff:10.1.3.245',19,4,2022,'not assigned'),(184,'::ffff:10.1.4.20',19,4,2022,'not assigned'),(194,'::ffff:10.1.26.64',19,4,2022,'not assigned'),(204,'::ffff:10.1.19.14',19,4,2022,'not assigned'),(214,'::ffff:10.1.62.153',19,4,2022,'not assigned'),(224,'::ffff:10.1.56.53',19,4,2022,'not assigned'),(234,'::ffff:10.1.22.5',19,4,2022,'not assigned'),(244,'::ffff:10.1.81.255',19,4,2022,'not assigned'),(254,'::ffff:10.1.8.80',20,4,2022,'not assigned'),(264,'::ffff:10.1.95.180',19,4,2022,'not assigned'),(274,'::ffff:10.1.49.221',20,4,2022,'not assigned'),(284,'::ffff:10.1.23.38',20,4,2022,'not assigned'),(294,'::ffff:10.1.83.248',20,4,2022,'not assigned'),(304,'::ffff:10.1.4.155',20,4,2022,'not assigned'),(314,'::ffff:10.1.3.89',20,4,2022,'not assigned'),(324,'::ffff:10.1.61.157',20,4,2022,'not assigned'),(334,'::ffff:10.1.84.10',20,4,2022,'not assigned'),(344,'::ffff:10.1.31.128',20,4,2022,'not assigned'),(354,'::ffff:10.1.54.144',19,4,2022,'not assigned'),(364,'::ffff:10.1.23.165',21,4,2022,'not assigned'),(374,'::ffff:10.1.57.89',21,4,2022,'not assigned'),(384,'::ffff:10.1.51.211',21,4,2022,'not assigned'),(394,'::ffff:10.1.87.54',21,4,2022,'not assigned'),(404,'::ffff:10.1.26.106',21,4,2022,'not assigned'),(414,'::ffff:10.1.81.127',21,4,2022,'not assigned'),(424,'::ffff:10.1.19.81',21,4,2022,'not assigned'),(434,'::ffff:10.1.59.239',21,4,2022,'not assigned'),(444,'::ffff:10.1.86.241',21,4,2022,'not assigned'),(454,'::ffff:10.1.11.170',22,4,2022,'not assigned'),(464,'::ffff:10.1.48.6',22,4,2022,'not assigned'),(474,'::ffff:10.1.59.239',22,4,2022,'not assigned'),(484,'::ffff:10.1.26.106',22,4,2022,'not assigned'),(494,'::ffff:10.1.95.71',22,4,2022,'not assigned'),(504,'::ffff:10.1.2.16',21,4,2022,'not assigned'),(514,'::ffff:10.1.21.90',22,4,2022,'not assigned'),(524,'::ffff:10.1.5.161',21,4,2022,'not assigned'),(534,'::ffff:10.1.21.90',21,4,2022,'not assigned'),(544,'::ffff:10.1.2.16',23,4,2022,'not assigned'),(554,'::ffff:10.1.87.202',22,4,2022,'not assigned'),(564,'::ffff:10.1.8.143',22,4,2022,'not assigned'),(574,'::ffff:10.1.58.92',23,4,2022,'not assigned'),(584,'::ffff:10.1.59.239',23,4,2022,'not assigned'),(594,'::ffff:10.1.81.252',23,4,2022,'not assigned'),(604,'::ffff:10.1.19.186',24,4,2022,'not assigned'),(614,'::ffff:10.1.51.87',25,4,2022,'not assigned'),(624,'::ffff:10.1.82.116',25,4,2022,'not assigned'),(634,'::ffff:10.1.18.22',25,4,2022,'not assigned'),(644,'::ffff:10.1.21.122',25,4,2022,'not assigned'),(654,'::ffff:10.1.20.2',26,4,2022,'not assigned'),(664,'::ffff:10.1.81.193',26,4,2022,'not assigned'),(674,'::ffff:10.1.63.202',26,4,2022,'not assigned'),(684,'::ffff:10.1.21.122',26,4,2022,'not assigned'),(694,'::ffff:10.1.93.89',26,4,2022,'not assigned'),(704,'::ffff:10.1.63.91',26,4,2022,'not assigned'),(714,'::ffff:10.1.12.240',26,4,2022,'not assigned'),(724,'::ffff:10.1.92.123',26,4,2022,'not assigned'),(734,'::ffff:10.1.86.240',26,4,2022,'not assigned'),(744,'::ffff:10.1.83.232',26,4,2022,'not assigned'),(754,'::ffff:10.1.3.12',26,4,2022,'not assigned'),(764,'::ffff:10.1.82.46',27,4,2022,'not assigned'),(774,'::ffff:10.1.26.7',27,4,2022,'not assigned'),(784,'::ffff:10.1.59.203',27,4,2022,'not assigned'),(794,'::ffff:10.1.27.242',26,4,2022,'not assigned'),(804,'::ffff:10.1.86.91',28,4,2022,'not assigned'),(814,'::ffff:10.1.63.250',28,4,2022,'not assigned'),(824,'::ffff:10.1.93.26',29,4,2022,'not assigned'),(834,'::ffff:10.1.10.126',30,4,2022,'not assigned'),(844,'::ffff:10.1.13.208',30,4,2022,'not assigned'),(854,'::ffff:10.1.94.118',30,4,2022,'not assigned'),(864,'::ffff:10.1.20.9',30,4,2022,'not assigned'),(874,'::ffff:10.1.84.140',29,4,2022,'not assigned'),(884,'::ffff:10.1.94.228',30,4,2022,'not assigned'),(894,'::ffff:10.1.21.3',30,4,2022,'not assigned'),(904,'::ffff:10.1.85.248',1,5,2022,'not assigned'),(914,'::ffff:10.1.82.42',1,5,2022,'not assigned'),(924,'::ffff:10.1.18.246',1,5,2022,'not assigned'),(934,'::ffff:10.1.56.105',1,5,2022,'not assigned'),(944,'::ffff:10.1.16.198',1,5,2022,'not assigned'),(954,'::ffff:10.1.8.38',2,5,2022,'not assigned'),(964,'::ffff:10.1.60.253',3,5,2022,'not assigned'),(974,'::ffff:10.1.22.81',3,5,2022,'not assigned'),(984,'::ffff:10.1.24.125',3,5,2022,'not assigned'),(994,'::ffff:10.1.80.113',3,5,2022,'not assigned'),(1004,'::ffff:10.1.13.1',4,5,2022,'not assigned'),(1014,'::ffff:10.1.17.179',4,5,2022,'not assigned'),(1024,'::ffff:10.1.89.129',4,5,2022,'not assigned'),(1034,'::ffff:10.1.16.121',4,5,2022,'not assigned'),(1044,'::ffff:10.1.9.187',5,5,2022,'not assigned'),(1054,'::ffff:10.1.58.2',5,5,2022,'not assigned'),(1064,'::ffff:10.1.7.88',5,5,2022,'not assigned'),(1074,'::ffff:10.1.5.198',5,5,2022,'not assigned'),(1084,'::ffff:10.1.59.29',6,5,2022,'not assigned'),(1094,'::ffff:10.1.92.37',6,5,2022,'not assigned'),(1104,'::ffff:10.1.50.187',8,5,2022,'not assigned'),(1114,'::ffff:10.1.88.75',8,5,2022,'not assigned'),(1124,'::ffff:10.1.63.152',8,5,2022,'not assigned'),(1134,'::ffff:10.1.4.25',8,5,2022,'not assigned'),(1144,'::ffff:10.1.53.197',8,5,2022,'not assigned'),(1154,'::ffff:10.1.61.51',9,5,2022,'not assigned'),(1164,'::ffff:10.1.26.6',9,5,2022,'not assigned'),(1174,'::ffff:10.1.63.128',9,5,2022,'not assigned'),(1184,'::ffff:10.1.26.6',8,5,2022,'not assigned'),(1194,'::ffff:10.1.63.82',10,5,2022,'not assigned'),(1204,'::ffff:10.1.60.136',10,5,2022,'not assigned'),(1214,'::ffff:10.1.54.5',10,5,2022,'not assigned'),(1224,'::ffff:10.1.21.4',11,5,2022,'not assigned'),(1234,'::ffff:10.1.15.159',12,5,2022,'not assigned'),(1244,'::ffff:10.1.2.197',11,5,2022,'not assigned'),(1254,'::ffff:10.1.3.77',12,5,2022,'not assigned'),(1264,'::ffff:10.1.52.160',13,5,2022,'not assigned'),(1274,'::ffff:10.1.82.137',14,5,2022,'not assigned'),(1284,'::ffff:10.1.21.73',14,5,2022,'not assigned'),(1294,'::ffff:10.1.59.5',15,5,2022,'not assigned'),(1304,'::ffff:10.1.94.200',15,5,2022,'not assigned'),(1314,'::ffff:10.1.18.185',15,5,2022,'not assigned'),(1324,'::ffff:10.1.59.5',16,5,2022,'not assigned'),(1334,'::ffff:10.1.18.216',16,5,2022,'not assigned'),(1344,'::ffff:10.1.3.39',16,5,2022,'not assigned'),(1354,'::ffff:10.1.91.204',16,5,2022,'not assigned'),(1364,'::ffff:10.1.12.173',16,5,2022,'not assigned'),(1374,'::ffff:10.1.3.39',17,5,2022,'not assigned'),(1384,'::ffff:10.1.93.21',16,5,2022,'not assigned'),(1394,'::ffff:10.1.86.243',16,5,2022,'not assigned'),(1404,'::ffff:10.1.23.83',16,5,2022,'not assigned'),(1414,'::ffff:10.1.21.25',17,5,2022,'not assigned'),(1424,'::ffff:10.1.52.109',17,5,2022,'not assigned'),(1434,'::ffff:10.1.86.19',17,5,2022,'not assigned'),(1444,'::ffff:10.1.23.103',17,5,2022,'not assigned'),(1454,'::ffff:10.1.8.78',17,5,2022,'not assigned'),(1464,'::ffff:10.1.86.243',17,5,2022,'not assigned'),(1474,'::ffff:10.1.21.206',17,5,2022,'not assigned'),(1484,'::ffff:10.1.58.50',17,5,2022,'not assigned'),(1494,'::ffff:10.1.92.74',17,5,2022,'not assigned'),(1504,'::ffff:10.1.23.83',17,5,2022,'not assigned'),(1514,'::ffff:10.1.31.76',17,5,2022,'not assigned'),(1524,'::ffff:10.1.89.43',17,5,2022,'not assigned'),(1534,'::ffff:10.1.95.6',17,5,2022,'not assigned'),(1544,'::ffff:10.1.15.208',17,5,2022,'not assigned'),(1554,'::ffff:10.1.15.205',17,5,2022,'not assigned'),(1564,'::ffff:10.1.55.173',17,5,2022,'not assigned'),(1574,'::ffff:10.1.49.92',17,5,2022,'not assigned'),(1584,'::ffff:10.1.31.160',17,5,2022,'not assigned'),(1594,'::ffff:10.1.9.114',17,5,2022,'not assigned'),(1604,'::ffff:10.1.91.173',17,5,2022,'not assigned'),(1614,'::ffff:10.1.54.211',18,5,2022,'not assigned'),(1624,'::ffff:10.1.30.230',18,5,2022,'not assigned'),(1634,'::ffff:10.1.28.50',18,5,2022,'not assigned'),(1644,'::ffff:10.1.82.223',18,5,2022,'not assigned'),(1654,'::ffff:10.1.26.238',18,5,2022,'not assigned'),(1664,'::ffff:10.1.15.208',18,5,2022,'not assigned'),(1674,'::ffff:10.1.95.150',18,5,2022,'not assigned'),(1684,'::ffff:10.1.55.173',18,5,2022,'not assigned'),(1694,'::ffff:10.1.25.244',18,5,2022,'not assigned'),(1704,'::ffff:10.1.53.123',18,5,2022,'not assigned'),(1714,'::ffff:10.1.19.252',18,5,2022,'not assigned'),(1724,'::ffff:10.1.31.160',18,5,2022,'not assigned'),(1734,'::ffff:10.1.84.158',18,5,2022,'not assigned'),(1744,'::ffff:10.1.15.205',18,5,2022,'not assigned'),(1754,'::ffff:10.1.7.58',18,5,2022,'not assigned'),(1764,'::ffff:10.1.62.5',18,5,2022,'not assigned'),(1774,'::ffff:10.1.89.43',18,5,2022,'not assigned'),(1784,'::ffff:10.1.12.87',18,5,2022,'not assigned'),(1794,'::ffff:10.1.15.73',18,5,2022,'not assigned'),(1804,'::ffff:10.1.28.88',19,5,2022,'not assigned'),(1814,'::ffff:10.1.9.202',19,5,2022,'not assigned'),(1824,'::ffff:10.1.87.99',19,5,2022,'not assigned'),(1834,'::ffff:10.1.25.244',19,5,2022,'not assigned'),(1844,'::ffff:10.1.59.41',19,5,2022,'not assigned'),(1854,'::ffff:10.1.28.120',19,5,2022,'not assigned'),(1864,'::ffff:10.1.54.253',19,5,2022,'not assigned'),(1874,'::ffff:10.1.9.68',19,5,2022,'not assigned'),(1884,'::ffff:10.1.28.50',19,5,2022,'not assigned'),(1894,'::ffff:10.1.26.52',19,5,2022,'not assigned'),(1904,'::ffff:10.1.57.25',19,5,2022,'not assigned'),(1914,'::ffff:10.1.53.123',19,5,2022,'not assigned'),(1924,'::ffff:10.1.84.158',19,5,2022,'not assigned'),(1934,'::ffff:10.1.93.187',19,5,2022,'not assigned'),(1944,'::ffff:10.1.0.80',19,5,2022,'not assigned'),(1954,'::ffff:10.1.22.113',19,5,2022,'not assigned'),(1964,'::ffff:10.1.93.250',19,5,2022,'not assigned'),(1974,'::ffff:10.1.56.87',19,5,2022,'not assigned'),(1984,'::ffff:10.1.27.108',20,5,2022,'not assigned'),(1994,'::ffff:10.1.82.169',20,5,2022,'not assigned'),(2004,'::ffff:10.1.54.69',20,5,2022,'not assigned'),(2014,'::ffff:10.1.22.17',20,5,2022,'not assigned'),(2024,'::ffff:10.1.57.190',20,5,2022,'not assigned'),(2034,'::ffff:10.1.0.34',21,5,2022,'not assigned'),(2044,'::ffff:10.1.3.162',23,5,2022,'not assigned'),(2054,'::ffff:10.1.27.229',23,5,2022,'not assigned'),(2064,'::ffff:10.1.91.198',23,5,2022,'not assigned'),(2074,'::ffff:10.1.55.52',24,5,2022,'not assigned'),(2084,'::ffff:10.1.83.87',26,5,2022,'not assigned'),(2094,'::ffff:10.1.6.149',27,5,2022,'not assigned'),(2104,'::ffff:10.1.83.103',27,5,2022,'not assigned'),(2114,'::ffff:10.1.93.246',28,5,2022,'not assigned'),(2124,'::ffff:10.1.25.156',30,5,2022,'not assigned'),(2134,'::ffff:10.1.13.87',31,5,2022,'not assigned'),(2144,'::ffff:10.1.89.142',1,6,2022,'not assigned'),(2154,'::ffff:10.1.0.63',1,6,2022,'not assigned'),(2164,'::ffff:10.1.17.109',1,6,2022,'not assigned'),(2174,'::ffff:10.1.90.57',2,6,2022,'not assigned'),(2184,'::ffff:10.1.89.233',3,6,2022,'not assigned'),(2194,'::ffff:10.1.20.51',3,6,2022,'not assigned'),(2204,'::ffff:10.1.29.244',3,6,2022,'not assigned'),(2214,'::ffff:10.1.82.39',3,6,2022,'not assigned'),(2224,'::ffff:10.1.83.37',3,6,2022,'not assigned'),(2234,'::ffff:10.1.89.231',3,6,2022,'not assigned'),(2244,'::ffff:10.1.86.204',3,6,2022,'not assigned'),(2254,'::ffff:10.1.13.79',4,6,2022,'not assigned'),(2264,'::ffff:10.1.93.113',5,6,2022,'not assigned'),(2274,'::ffff:10.1.88.235',7,6,2022,'not assigned'),(2284,'::ffff:10.1.0.44',7,6,2022,'not assigned'),(2294,'::ffff:10.1.57.110',6,6,2022,'not assigned'),(2304,'::ffff:10.1.9.225',10,6,2022,'not assigned'),(2314,'::ffff:10.1.19.72',10,6,2022,'not assigned'),(2324,'::ffff:10.1.90.97',10,6,2022,'not assigned'),(2334,'::ffff:10.1.12.159',11,6,2022,'not assigned'),(2344,'::ffff:10.1.14.157',11,6,2022,'not assigned'),(2354,'::ffff:10.1.90.97',11,6,2022,'not assigned'),(2364,'::ffff:10.1.19.48',11,6,2022,'not assigned'),(2374,'::ffff:10.1.0.212',14,6,2022,'not assigned'),(2384,'::ffff:10.1.50.136',14,6,2022,'not assigned'),(2394,'::ffff:10.1.85.204',14,6,2022,'not assigned'),(2404,'::ffff:10.1.9.62',14,6,2022,'not assigned'),(2414,'::ffff:10.1.85.238',17,6,2022,'not assigned'),(2424,'::ffff:10.1.19.50',17,6,2022,'not assigned'),(2434,'::ffff:10.1.61.135',17,6,2022,'not assigned'),(2444,'::ffff:10.1.12.106',18,6,2022,'not assigned'),(2454,'::ffff:10.1.93.182',19,6,2022,'not assigned'),(2464,'::ffff:10.1.83.204',19,6,2022,'not assigned'),(2474,'::ffff:10.1.9.70',19,6,2022,'not assigned'),(2484,'::ffff:10.1.4.150',19,6,2022,'not assigned'),(2494,'::ffff:10.1.31.50',21,6,2022,'not assigned'),(2504,'::ffff:10.1.1.118',21,6,2022,'not assigned'),(2514,'::ffff:10.1.55.212',22,6,2022,'not assigned'),(2524,'::ffff:10.1.55.35',23,6,2022,'not assigned'),(2534,'::ffff:10.1.56.26',24,6,2022,'not assigned'),(2544,'::ffff:10.1.18.53',25,6,2022,'not assigned'),(2554,'::ffff:10.1.30.202',25,6,2022,'not assigned'),(2564,'::ffff:10.1.53.51',26,6,2022,'not assigned'),(2574,'::ffff:10.1.56.204',25,6,2022,'not assigned'),(2584,'::ffff:10.1.12.81',25,6,2022,'not assigned'),(2594,'::ffff:10.1.21.126',26,6,2022,'not assigned'),(2604,'::ffff:10.1.22.3',28,6,2022,'not assigned'),(2614,'::ffff:10.1.5.146',28,6,2022,'not assigned'),(2624,'::ffff:10.1.3.196',28,6,2022,'not assigned'),(2634,'::ffff:10.1.12.28',30,6,2022,'not assigned'),(2644,'::ffff:10.1.8.76',1,7,2022,'not assigned'),(2654,'::ffff:10.1.22.190',4,7,2022,'not assigned'),(2664,'::ffff:10.1.55.212',4,7,2022,'not assigned'),(2674,'::ffff:10.1.1.137',5,7,2022,'not assigned'),(2684,'::ffff:10.1.1.158',6,7,2022,'not assigned'),(2694,'::ffff:10.1.1.158',6,7,2022,'not assigned'),(2704,'::ffff:10.1.86.34',7,7,2022,'not assigned'),(2714,'::ffff:10.1.11.19',7,7,2022,'not assigned'),(2724,'::ffff:10.1.3.196',8,7,2022,'not assigned'),(2734,'::ffff:10.1.14.230',8,7,2022,'not assigned'),(2744,'::ffff:10.1.82.83',8,7,2022,'not assigned'),(2754,'::ffff:10.1.83.95',8,7,2022,'not assigned'),(2764,'::ffff:10.1.9.81',9,7,2022,'not assigned'),(2774,'::ffff:10.1.23.243',10,7,2022,'not assigned'),(2784,'::ffff:10.1.27.246',10,7,2022,'not assigned'),(2794,'::ffff:10.1.95.106',11,7,2022,'not assigned'),(2804,'::ffff:10.1.84.192',12,7,2022,'not assigned'),(2814,'::ffff:10.1.57.253',12,7,2022,'not assigned'),(2824,'::ffff:10.1.22.64',12,7,2022,'not assigned'),(2834,'::ffff:10.1.95.207',13,7,2022,'not assigned'),(2844,'::ffff:10.1.7.234',13,7,2022,'not assigned'),(2854,'::ffff:10.1.18.206',13,7,2022,'not assigned'),(2864,'::ffff:10.1.88.74',14,7,2022,'not assigned'),(2874,'::ffff:10.1.59.68',15,7,2022,'not assigned'),(2884,'::ffff:10.1.15.103',17,7,2022,'not assigned'),(2894,'::ffff:10.1.27.121',18,7,2022,'not assigned'),(2904,'::ffff:10.1.21.240',19,7,2022,'not assigned'),(2914,'::ffff:10.1.53.8',19,7,2022,'not assigned'),(2924,'::ffff:10.1.50.59',19,7,2022,'not assigned'),(2934,'::ffff:10.1.56.83',19,7,2022,'not assigned'),(2944,'::ffff:10.1.93.206',21,7,2022,'not assigned'),(2954,'::ffff:10.1.22.113',22,7,2022,'not assigned'),(2964,'::ffff:10.1.5.82',23,7,2022,'not assigned'),(2974,'::ffff:10.1.29.159',29,7,2022,'not assigned'),(2984,'::ffff:10.1.86.4',29,7,2022,'not assigned'),(2994,'::ffff:10.1.10.192',29,7,2022,'not assigned'),(3004,'::ffff:10.1.31.114',30,7,2022,'not assigned'),(3014,'::ffff:10.1.10.192',30,7,2022,'not assigned'),(3024,'::ffff:10.1.48.197',5,8,2022,'not assigned'),(3034,'::ffff:10.1.2.12',8,8,2022,'not assigned'),(3044,'::ffff:10.1.86.244',8,8,2022,'not assigned'),(3054,'::ffff:10.1.52.218',10,8,2022,'not assigned'),(3064,'::ffff:10.1.2.106',12,8,2022,'not assigned'),(3074,'::ffff:10.1.15.26',11,8,2022,'not assigned'),(3084,'::ffff:10.1.20.161',11,8,2022,'not assigned'),(3094,'::ffff:10.1.15.26',13,8,2022,'not assigned'),(3104,'::ffff:10.1.8.1',15,8,2022,'not assigned'),(3114,'::ffff:10.1.30.81',16,8,2022,'not assigned'),(3124,'::ffff:10.1.22.95',16,8,2022,'not assigned'),(3134,'::ffff:10.1.8.1',16,8,2022,'not assigned'),(3144,'::ffff:10.1.13.218',17,8,2022,'not assigned'),(3154,'::ffff:10.1.52.61',18,8,2022,'not assigned'),(3164,'::ffff:10.1.20.161',20,8,2022,'not assigned'),(3174,'::ffff:10.1.15.26',20,8,2022,'not assigned'),(3184,'::ffff:10.1.81.84',22,8,2022,'not assigned'),(3194,'::ffff:10.1.86.248',22,8,2022,'not assigned'),(3204,'::ffff:10.1.14.164',22,8,2022,'not assigned'),(3214,'::ffff:10.1.22.166',23,8,2022,'not assigned'),(3224,'::ffff:10.1.88.43',23,8,2022,'not assigned'),(3234,'::ffff:10.1.25.210',23,8,2022,'not assigned'),(3244,'::ffff:10.1.59.173',23,8,2022,'not assigned'),(3254,'::ffff:10.1.86.50',26,8,2022,'not assigned'),(3264,'::ffff:10.1.24.143',26,8,2022,'not assigned'),(3274,'::ffff:10.1.83.189',26,8,2022,'not assigned'),(3284,'::ffff:10.1.52.40',26,8,2022,'not assigned'),(3294,'::ffff:10.1.85.222',27,8,2022,'not assigned'),(3304,'::ffff:10.1.62.65',27,8,2022,'not assigned'),(3314,'::ffff:10.1.61.52',27,8,2022,'not assigned'),(3324,'::ffff:10.1.85.199',27,8,2022,'not assigned'),(3334,'::ffff:10.1.9.106',29,8,2022,'not assigned'),(3344,'::ffff:10.1.83.189',30,8,2022,'not assigned'),(3354,'::ffff:10.1.2.139',30,8,2022,'not assigned'),(3364,'::ffff:10.1.87.244',31,8,2022,'not assigned'),(3374,'::ffff:10.1.21.222',2,9,2022,'not assigned'),(3384,'::ffff:10.1.17.98',2,9,2022,'not assigned'),(3394,'::ffff:10.1.3.182',3,9,2022,'not assigned'),(3404,'::ffff:10.1.30.49',3,9,2022,'not assigned'),(3414,'::ffff:10.1.52.50',3,9,2022,'not assigned'),(3424,'::ffff:10.1.20.235',3,9,2022,'not assigned'),(3434,'::ffff:10.1.93.21',3,9,2022,'not assigned'),(3444,'::ffff:10.1.25.77',5,9,2022,'not assigned'),(3454,'::ffff:10.1.52.80',6,9,2022,'not assigned'),(3464,'::ffff:10.1.4.193',6,9,2022,'not assigned'),(3474,'::ffff:10.1.54.126',6,9,2022,'not assigned'),(3484,'::ffff:10.1.93.206',7,9,2022,'not assigned'),(3494,'::ffff:10.1.81.46',7,9,2022,'not assigned'),(3504,'::ffff:10.1.28.94',9,9,2022,'not assigned'),(3514,'::ffff:10.1.61.156',10,9,2022,'not assigned'),(3524,'::ffff:10.1.22.222',12,9,2022,'not assigned'),(3534,'::ffff:10.1.11.29',16,9,2022,'not assigned'),(3544,'::ffff:10.1.23.88',16,9,2022,'not assigned'),(3554,'::ffff:10.1.28.30',16,9,2022,'not assigned'),(3564,'::ffff:10.1.87.13',17,9,2022,'not assigned'),(3574,'::ffff:10.1.84.54',18,9,2022,'not assigned'),(3584,'::ffff:10.1.7.109',22,9,2022,'not assigned'),(3594,'::ffff:10.1.6.82',23,9,2022,'not assigned'),(3604,'::ffff:10.1.55.53',23,9,2022,'not assigned'),(3614,'::ffff:10.1.10.145',23,9,2022,'not assigned'),(3624,'::ffff:10.1.80.245',24,9,2022,'not assigned'),(3634,'::ffff:10.1.3.183',24,9,2022,'not assigned'),(3644,'::ffff:10.1.89.204',25,9,2022,'not assigned'),(3654,'::ffff:10.1.20.72',26,9,2022,'not assigned'),(3664,'::ffff:10.1.62.32',27,9,2022,'not assigned'),(3674,'::ffff:10.1.80.245',30,9,2022,'not assigned'),(3684,'::ffff:10.1.23.175',2,10,2022,'not assigned'),(3694,'::ffff:10.1.28.30',2,10,2022,'not assigned'),(3704,'::ffff:10.1.82.7',2,10,2022,'not assigned'),(3714,'::ffff:10.1.56.209',3,10,2022,'not assigned'),(3724,'::ffff:10.1.3.166',3,10,2022,'not assigned'),(3734,'::ffff:10.1.28.142',4,10,2022,'not assigned'),(3744,'::ffff:10.1.83.245',4,10,2022,'not assigned'),(3754,'::ffff:10.1.3.183',6,10,2022,'not assigned'),(3764,'::ffff:10.1.18.106',10,10,2022,'not assigned'),(3774,'::ffff:10.1.49.157',10,10,2022,'not assigned'),(3784,'::ffff:10.1.18.233',10,10,2022,'not assigned'),(3794,'::ffff:10.1.0.169',10,10,2022,'not assigned'),(3804,'::ffff:10.1.54.38',12,10,2022,'not assigned'),(3814,'::ffff:10.1.30.1',13,10,2022,'not assigned'),(3824,'::ffff:10.1.14.226',13,10,2022,'not assigned'),(3834,'::ffff:10.1.22.48',13,10,2022,'not assigned'),(3844,'::ffff:10.1.60.221',13,10,2022,'not assigned'),(3854,'::ffff:10.1.14.61',13,10,2022,'not assigned'),(3864,'::ffff:10.1.88.209',14,10,2022,'not assigned'),(3874,'::ffff:10.1.30.129',14,10,2022,'not assigned'),(3884,'::ffff:10.1.58.18',15,10,2022,'not assigned'),(3894,'::ffff:10.1.11.243',17,10,2022,'not assigned'),(3904,'::ffff:10.1.93.248',18,10,2022,'not assigned'),(3914,'::ffff:10.1.57.98',19,10,2022,'not assigned'),(3924,'::ffff:10.1.29.128',23,10,2022,'not assigned'),(3934,'::ffff:10.1.81.28',27,10,2022,'not assigned'),(3944,'::ffff:10.1.81.28',27,10,2022,'not assigned'),(3954,'::ffff:10.1.51.26',6,11,2022,'not assigned'),(3964,'::ffff:10.1.3.6',8,11,2022,'not assigned'),(3974,'::ffff:10.1.61.66',9,11,2022,'not assigned'),(3984,'::ffff:10.1.95.107',9,11,2022,'not assigned'),(3994,'::ffff:10.1.19.242',9,11,2022,'not assigned'),(4004,'::ffff:10.1.25.164',9,11,2022,'not assigned'),(4014,'::ffff:10.1.58.158',11,11,2022,'not assigned'),(4024,'::ffff:10.1.90.68',11,11,2022,'not assigned'),(4034,'::ffff:10.1.9.63',12,11,2022,'not assigned'),(4044,'::ffff:10.1.88.104',14,11,2022,'not assigned'),(4054,'::ffff:10.1.53.128',14,11,2022,'not assigned'),(4064,'::ffff:10.1.6.168',14,11,2022,'not assigned'),(4074,'::ffff:10.1.83.86',15,11,2022,'not assigned'),(4084,'::ffff:10.1.5.156',12,11,2022,'not assigned'),(4094,'::ffff:10.1.53.163',17,11,2022,'not assigned'),(4104,'::ffff:10.1.8.154',17,11,2022,'not assigned'),(4114,'::ffff:10.1.55.126',17,11,2022,'not assigned'),(4124,'::ffff:10.1.57.125',17,11,2022,'not assigned'),(4134,'::ffff:10.1.62.33',17,11,2022,'not assigned'),(4144,'::ffff:10.1.94.100',21,11,2022,'not assigned'),(4154,'::ffff:10.1.95.133',22,11,2022,'not assigned'),(4164,'::ffff:10.1.62.121',25,11,2022,'not assigned');
/*!40000 ALTER TABLE `visits` ENABLE KEYS */;
UNLOCK TABLES;
/*!40103 SET TIME_ZONE=@OLD_TIME_ZONE */;

/*!40101 SET SQL_MODE=@OLD_SQL_MODE */;
/*!40014 SET FOREIGN_KEY_CHECKS=@OLD_FOREIGN_KEY_CHECKS */;
/*!40014 SET UNIQUE_CHECKS=@OLD_UNIQUE_CHECKS */;
/*!40101 SET CHARACTER_SET_CLIENT=@OLD_CHARACTER_SET_CLIENT */;
/*!40101 SET CHARACTER_SET_RESULTS=@OLD_CHARACTER_SET_RESULTS */;
/*!40101 SET COLLATION_CONNECTION=@OLD_COLLATION_CONNECTION */;
/*!40111 SET SQL_NOTES=@OLD_SQL_NOTES */;

-- Dump completed on 2022-11-27  7:49:49
